,RH,Dp,RI,GF,kappa
count,28.0,28.0,28.0,28.0,28.0
mean,85.218625,294.64285714285717,1.5452392857142858,1.3783178571428567,0.29112735304301207
min,84.6119,180.0,1.5128,1.1965,0.1222307524758743
25%,84.91805,200.0,1.539075,1.3243,0.2282906323998522
50%,85.17670000000001,225.0,1.5460500000000001,1.3468499999999999,0.25024901138940164
75%,85.44557499999999,350.0,1.553175,1.446075,0.33651417568863884
max,86.0475,600.0,1.5663,1.6916,0.6699844620605973
std,0.39736042005454497,135.90525411196614,0.01174845424933329,0.11790967997698551,0.13151340656447266
