,RH,Dp,RI,GF,kappa
count,1.0,1.0,1.0,1.0,1.0
mean,86.7727,200.0,1.5264,1.2594,0.152058102050815
min,86.7727,200.0,1.5264,1.2594,0.152058102050815
25%,86.7727,200.0,1.5264,1.2594,0.152058102050815
50%,86.7727,200.0,1.5264,1.2594,0.152058102050815
75%,86.7727,200.0,1.5264,1.2594,0.152058102050815
max,86.7727,200.0,1.5264,1.2594,0.152058102050815
std,,,,,
