,RH,Dp,RI,GF,kappa
count,32.0,32.0,32.0,32.0,32.0
mean,84.9879375,200.0,1.558475,1.370646875,0.27945238028537567
min,84.3378,200.0,1.5396,1.3192,0.222750691031329
25%,84.516325,200.0,1.548875,1.33655,0.24118427051246588
50%,85.0082,200.0,1.55775,1.36435,0.27663687783315527
75%,85.3006,200.0,1.567475,1.3913,0.3062235140756119
max,86.0917,200.0,1.5847,1.4587,0.3650451022826715
std,0.44629145312119994,0.0,0.01225719012161513,0.04101629876174721,0.042380145901014535
